pool,token_id,token_address
'0x160CAed03795365F3A589f10C379FfA7d75d4E76','0','0xe9e7CEA3DedcA5984780Bafc599bD69ADd087D56'
'0x160CAed03795365F3A589f10C379FfA7d75d4E76','1','0x8AC76a51cc950d9822D68b83fE1Ad97B32Cd580d'
'0x160CAed03795365F3A589f10C379FfA7d75d4E76','2','0x55d398326f99059fF775485246999027B3197955'
'0x19ec9e3f7b21dd27598e7ad5aae7dc0db00a806d','0','0xaeD19DAB3cd68E4267aec7B2479b1eD2144Ad77f'
'0x19ec9e3f7b21dd27598e7ad5aae7dc0db00a806d','1','0xA6fDEa1655910C504E974f7F1B520B74be21857B'
'0x19ec9e3f7b21dd27598e7ad5aae7dc0db00a806d','2','0x5f7f6cB266737B89f7aF86b30F03Ae94334b83e9'
'0xfa715e7c8fa704cf425dd7769f4a77b81420fbf2','0','0x204992f7fCBC4c0455d7Fec5f712BeDd98E7d6d6'
'0xfa715e7c8fa704cf425dd7769f4a77b81420fbf2','1','0xfCe146bF3146100cfe5dB4129cf6C82b0eF4Ad8c'
'0xAB499095961516f058245C1395f9c0410764b6Cd','0','0xBB5DDE96BAD874e4FFe000B41Fa5E98F0665a4BC'
'0xAB499095961516f058245C1395f9c0410764b6Cd','1','0x5b5bD8913D766D005859CE002533D4838B0Ebbb5'
'0xAB499095961516f058245C1395f9c0410764b6Cd','2','0x5b5bD8913D766D005859CE002533D4838B0Ebbb5'
'0xAB499095961516f058245C1395f9c0410764b6Cd','3','0x5b5bD8913D766D005859CE002533D4838B0Ebbb5'
'0x245e8bb5427822FB8fd6cE062d8dd853FbcfABF5','0','0x2c85EBAE81b7078Cd656b2C6e2d58411cB41D91A'
'0x245e8bb5427822FB8fd6cE062d8dd853FbcfABF5','1','0x5b5bD8913D766D005859CE002533D4838B0Ebbb5'
'0x245e8bb5427822FB8fd6cE062d8dd853FbcfABF5','2','0x5b5bD8913D766D005859CE002533D4838B0Ebbb5'
'0x245e8bb5427822FB8fd6cE062d8dd853FbcfABF5','3','0x5b5bD8913D766D005859CE002533D4838B0Ebbb5'
